N,1,2,3,4,5,6,461,7,8,9,10,11,12,15,19,27,32,35,71,72,73,74,75,76,77,78,79,58
W,1,2,3,4,5,6,461,7,8,9,10,11,12,13,14,15,16,17,18,20,21,22,23
R,39,38,37,36,35,34,33,32,31,30,29,28,27,26,25,24,23,22,21,20,18,17,16,15,14,13,12,11,10,9,8,7,273,272,271,270,269,268,267,266,265,264,263,262,261
Q,475,476,477,223,9,11,12,15,19,26,40,41,42,43,44,45,46,47,48,49,50,51,52,53,54,55,56,57,58
B,211,212,213,214,215,216,217,218,219,220,151,152,153,154,155,156,157,158,159,160,161,277,225,226,227,167,230,231,26,40,41,42,44,47,51,54,55
D,210,211,212,213,214,215,216,217,218,219,220,151,153,161,277,225,226,227,167,230,231,27,32,59,60,61,62,63,64,65,66,67,68,69,70,58
F,58,57,253,252,251,250,249,248,247,246,245,244,243,242,241,240,239,238,237,236,174,235,234,233,232,230,167,229,228,227,226,225,224,223,222,221,267,261,260,259,258,257,256,255,254
J,278,279,80,81,82,83,84,85,86,87,88,89,90,91,92,93,94,95,96,97,98,99,100,101,102,103,104,105,106,107
Z,278,279,80,82,83,85,87,88,90,92,93,95,97,101,102,103,104,105,106,107
M,108,109,110,111,112,113,114,97,98,99,100,101,102,230,167,229,228,227,226,225,276,275,274,273,272,271,270,269,268,267,266,265,264,263,262,261
L,115,116,117,118,119,120,121,122,123,124,125,126,127,128,129,130,131,132,133,134,135,136,137,138
SSS,468,469
TTT,139,141,142
UUU,203,202,201,200,199
A,195,194,193,192,191,190,189,188,184,181,179,175,174,173,172,170,169,167,166,164,163,161,153,151,148,147,146,145,144,143
VVV,209,208,207,206,205,204,199,198,197,196,192
YYY,203,202,201,200,199
C,188,187,186,185,184,183,182,181,180,179,178,177,176,175,174,173,172,170,169,168,167,166,165,164,163,162,161,160,159,158,157,156,155,154,153,152,151,150,149,148
E,278,279,280,258,259,260,261,267,273,274,275,276,277,162,163,164,165,166,167,168,169,171
G,281,282,283,284,285,286,287,288,289,290,291,292,175,236,237,238,239,240,241,242
1,293,294,295,296,297,298,299,300,301,302,303,304,305,306,307,308,309,310,311,312,313,314,315,316,317,318,319,320,321,322,323,324,325,326,327,328,329,330
2,416,417,418,419,420,421,422,423,424,425,426,427,428,429,430,431,432,433,434,435,438,439,440,441,310,313,317,318,322,327,331,332,333,334,335,336,337,338,339,340,341,342,353,354,355,356,357,358,359
3,436,437,438,439,440,441,310,313,317,318,322,327,331,332,333,334,335,336,337,338,339,340,341,342,343,344,345,346,347,348,349,350,351,352
4,378,379,380,381,382,383,384,385,386,387,388,389,390,391,392,397,400,402,406,411,412,413,414,415,337,338,342,345
5,359,358,357,356,355,354,353,342,338,337,415,411,412,413,414,406,402,400,397,392,391,435,434,433,432,431,430,429,428,427,426,446,445,444,443,442
6,360,361,362,363,364,365,366,367,368,369,370,371,372,373,374,375,376,377,392,393,394,395,396,397,398,399,400,401,402,403,404,405,406,407,408,409,410,411
7,447,448,449,450,451,452,453,454,455,456,457,458,459,460,461,462,463,464,465,466,467,471
5ZZ,359,358,357,356,355,354,353,342,338,337,415,411,412,413,414,406,402,400,397,392,391,435,434,433,432,431,430,429,428,427,426,417,418,419,420,421,422,423,424,425